model_id,split,strategy,transaction_cost_pct,borrow_cost_bps_per_day,initial_equity,final_equity,ROI_pct,max_drawdown_pct,Sharpe,turnover_notional,number_of_trades,total_fees,total_borrow_cost,reconciliation_error
cmamba_v_reproduced,test,buy_hold,0,0,100,158.406033022,58.4060330224,26.1820383534,1.2919928883,100,1,0,0,0
cmamba_v_reproduced,test,buy_hold,0.1,0,100,158.247785237,58.2477852371,26.1820383534,1.28962861773,99.9000999001,1,0.0999000999001,0,0
cmamba_v_reproduced,test,buy_hold,0.2,0,100,158.089853316,58.0898533157,26.1820383534,1.28726520934,99.8003992016,1,0.199600798403,0,0
cmamba_v_reproduced,test,vanilla,0,0,100,159.120350345,59.1203503452,29.899199106,1.66252144406,12277.4297285,78,0,0,0
cmamba_v_reproduced,test,vanilla,0.1,0,100,147.180659782,47.1806597818,30.8737727101,1.41445007678,11789.3442363,78,11.7893442363,0,0
cmamba_v_reproduced,test,vanilla,0.2,0,100,136.136849796,36.1368497964,31.834799252,1.16621030357,11325.7660055,78,22.6515320111,0,0
cmamba_v_reproduced,test,smart,0,0,100,131.074751152,31.0747511518,8.33116659342,1.60506900649,13252.0763938,247,0,0,0
cmamba_v_reproduced,test,smart,0.1,0,100,117.666910215,17.6669102151,12.2279754418,1.00920236717,12533.276087,247,12.533276087,0,0
cmamba_v_reproduced,test,smart,0.2,0,100,105.630561685,5.63056168507,16.5571069536,0.410937357383,11864.6134007,247,23.7292268014,0,0
cmamba_v_reproduced,test,smart_w_short,0,0,100,169.486676197,69.486676197,9.91651476417,2.3135077308,29865.43193,304,0,0,0
cmamba_v_reproduced,test,smart_w_short,0.1,0,100,136.052751871,36.0527518709,12.698261554,1.4126729976,26575.6248124,304,26.5756248124,0,0
cmamba_v_reproduced,test,smart_w_short,0.2,0,100,109.214281108,9.21428110817,18.2659519951,0.507791193458,23741.9490931,304,47.4838981862,0,0
cmamba_v_reproduced,val,buy_hold,0,0,100,157.591383148,57.5913831476,20.0577907136,1.48763427511,100,1,0,0,0
cmamba_v_reproduced,val,buy_hold,0.1,0,100,157.433949198,57.4339491984,20.0577907136,1.48472530252,99.9000999001,1,0.0999000999001,0,0
cmamba_v_reproduced,val,buy_hold,0.2,0,100,157.276829489,57.2768294886,20.0577907136,1.48181333609,99.8003992016,1,0.199600798403,0,0
cmamba_v_reproduced,val,vanilla,0,0,100,163.340029453,63.3400294527,15.0002105536,1.79553225299,5738.13619679,39,0,0,0
cmamba_v_reproduced,val,vanilla,0.1,0,100,157.092465662,57.0924656622,15.3395307317,1.66633028786,5621.53095064,39,5.62153095064,0,0
cmamba_v_reproduced,val,vanilla,0.2,0,100,151.08400313,51.0840031299,15.6774970142,1.53692872794,5507.98333855,39,11.0159666771,0,0
cmamba_v_reproduced,val,smart,0,0,100,111.718147844,11.7181478438,8.70459890119,0.998961536686,10786.005488,283,0,0,0
cmamba_v_reproduced,val,smart,0.1,0,100,100.915460328,0.915460328028,9.61636205785,0.147598282282,10238.2562312,283,10.2382562312,0,0
cmamba_v_reproduced,val,smart,0.2,0,100,91.1573375223,-8.84266247771,11.0132498949,-0.70629197223,9726.723063,283,19.453446126,0,0
cmamba_v_reproduced,val,smart_w_short,0,0,100,101.217238128,1.21723812765,20.8687591043,0.174544969153,15096.5304908,304,0,0,0
cmamba_v_reproduced,val,smart_w_short,0.1,0,100,86.4662034548,-13.5337965452,25.8957054545,-0.75403828739,13952.2726615,304,13.9522726615,0,0
cmamba_v_reproduced,val,smart_w_short,0.2,0,100,73.8649014212,-26.1350985788,30.6032771637,-1.68605705703,12922.2564757,304,25.8445129514,0,0
naive_persistence,test,buy_hold,0,0,100,158.406033022,58.4060330224,26.1820383534,1.2919928883,100,1,0,0,0
naive_persistence,test,buy_hold,0.1,0,100,158.247785237,58.2477852371,26.1820383534,1.28962861773,99.9000999001,1,0.0999000999001,0,0
naive_persistence,test,buy_hold,0.2,0,100,158.089853316,58.0898533157,26.1820383534,1.28726520934,99.8003992016,1,0.199600798403,0,0
naive_persistence,test,vanilla,0,0,100,100,0,-0,0,0,0,0,0,0
naive_persistence,test,vanilla,0.1,0,100,100,0,-0,0,0,0,0,0,0
naive_persistence,test,vanilla,0.2,0,100,100,0,-0,0,0,0,0,0,0
naive_persistence,test,smart,0,0,100,100,0,-0,0,0,0,0,0,0
naive_persistence,test,smart,0.1,0,100,100,0,-0,0,0,0,0,0,0
naive_persistence,test,smart,0.2,0,100,100,0,-0,0,0,0,0,0,0
naive_persistence,test,smart_w_short,0,0,100,100,0,-0,0,0,0,0,0,0
naive_persistence,test,smart_w_short,0.1,0,100,100,0,-0,0,0,0,0,0,0
naive_persistence,test,smart_w_short,0.2,0,100,100,0,-0,0,0,0,0,0,0
naive_persistence,val,buy_hold,0,0,100,157.591383148,57.5913831476,20.0577907136,1.48763427511,100,1,0,0,0
naive_persistence,val,buy_hold,0.1,0,100,157.433949198,57.4339491984,20.0577907136,1.48472530252,99.9000999001,1,0.0999000999001,0,0
naive_persistence,val,buy_hold,0.2,0,100,157.276829489,57.2768294886,20.0577907136,1.48181333609,99.8003992016,1,0.199600798403,0,0
naive_persistence,val,vanilla,0,0,100,100,0,-0,0,0,0,0,0,0
naive_persistence,val,vanilla,0.1,0,100,100,0,-0,0,0,0,0,0,0
naive_persistence,val,vanilla,0.2,0,100,100,0,-0,0,0,0,0,0,0
naive_persistence,val,smart,0,0,100,100,0,-0,0,0,0,0,0,0
naive_persistence,val,smart,0.1,0,100,100,0,-0,0,0,0,0,0,0
naive_persistence,val,smart,0.2,0,100,100,0,-0,0,0,0,0,0,0
naive_persistence,val,smart_w_short,0,0,100,100,0,-0,0,0,0,0,0,0
naive_persistence,val,smart_w_short,0.1,0,100,100,0,-0,0,0,0,0,0,0
naive_persistence,val,smart_w_short,0.2,0,100,100,0,-0,0,0,0,0,0,0
s5_full,test,buy_hold,0,0,100,158.406033022,58.4060330224,26.1820383534,1.2919928883,100,1,0,0,0
s5_full,test,buy_hold,0.1,0,100,158.247785237,58.2477852371,26.1820383534,1.28962861773,99.9000999001,1,0.0999000999001,0,0
s5_full,test,buy_hold,0.2,0,100,158.089853316,58.0898533157,26.1820383534,1.28726520934,99.8003992016,1,0.199600798403,0,0
s5_full,test,vanilla,0,0,100,100,0,-0,0,0,0,0,0,0
s5_full,test,vanilla,0.1,0,100,100,0,-0,0,0,0,0,0,0
s5_full,test,vanilla,0.2,0,100,100,0,-0,0,0,0,0,0,0
s5_full,test,smart,0,0,100,107.205210158,7.20521015764,3.45338425914,1.17614311262,552.768232318,200,0,0,0
s5_full,test,smart,0.1,0,100,106.641914796,6.64191479599,3.45718901672,1.08961519241,551.295199536,200,0.551295199536,0,0
s5_full,test,smart,0.2,0,100,106.081576657,6.08157665739,3.46099483837,1.00307990889,549.82737315,200,1.0996547463,0,0
s5_full,test,smart_w_short,0,0,100,95.290284463,-4.70971553703,12.4700885772,-0.359697215492,1361.44261779,304,0,0,0
s5_full,test,smart_w_short,0.1,0,100,94.0363819744,-5.96361802558,13.3064919894,-0.477421283217,1352.5678049,304,1.3525678049,0,0
s5_full,test,smart_w_short,0.2,0,100,92.7989569819,-7.20104301813,14.1634964582,-0.595080535465,1343.77005897,304,2.68754011795,0,0
s5_full,val,buy_hold,0,0,100,157.591383148,57.5913831476,20.0577907136,1.48763427511,100,1,0,0,0
s5_full,val,buy_hold,0.1,0,100,157.433949198,57.4339491984,20.0577907136,1.48472530252,99.9000999001,1,0.0999000999001,0,0
s5_full,val,buy_hold,0.2,0,100,157.276829489,57.2768294886,20.0577907136,1.48181333609,99.8003992016,1,0.199600798403,0,0
s5_full,val,vanilla,0,0,100,100,0,-0,0,0,0,0,0,0
s5_full,val,vanilla,0.1,0,100,100,0,-0,0,0,0,0,0,0
s5_full,val,vanilla,0.2,0,100,100,0,-0,0,0,0,0,0,0
s5_full,val,smart,0,0,100,100.295714087,0.295714087408,4.22407636387,0.101538770666,376.3141377,197,0,0,0
s5_full,val,smart,0.1,0,100,99.9232384513,-0.0767615486823,4.28464047459,0.00173569574054,375.616911907,197,0.375616911907,0,0
s5_full,val,smart,0.2,0,100,99.5521465302,-0.447853469774,4.34516911151,-0.0981789519602,374.921423243,197,0.749842846486,0,0
s5_full,val,smart_w_short,0,0,100,97.1648278074,-2.83517219259,6.46592577106,-0.639584428067,961.038893322,304,0,0,0
s5_full,val,smart_w_short,0.1,0,100,96.2230652794,-3.77693472064,7.09086971026,-0.863865709548,956.405755961,304,0.956405755961,0,0
s5_full,val,smart_w_short,0.2,0,100,95.290431107,-4.70956889299,7.7116329831,-1.0872397509,951.802562477,304,1.90360512495,0,0
