member,kind,model_id,split,block_length,estimate,ci_lo,ci_hi
23,model,cmamba_v_reproduced,val,5,52.3026315789,46.7105263158,58.2236842105
24,model,cmamba_v_reproduced,val,5,52.3026315789,47.0394736842,58.8815789474
25,model,cmamba_v_reproduced,val,5,53.9473684211,49.3421052632,59.8684210526
family,model,cmamba_v_reproduced,val,5,52.850877193,48.5745614035,58.1140350877
23,model,s5_full,val,5,45.7236842105,40.4605263158,51.6447368421
24,model,s5_full,val,5,49.0131578947,44.4078947368,54.6052631579
25,model,s5_full,val,5,45.7236842105,40.4605263158,50.9868421053
family,model,s5_full,val,5,46.8201754386,42.5438596491,51.5350877193
23,difference,cmamba_v_reproduced-minus-s5_full,val,5,6.57894736842,-0.657894736842,13.4868421053
24,difference,cmamba_v_reproduced-minus-s5_full,val,5,3.28947368421,-4.27631578947,11.1842105263
25,difference,cmamba_v_reproduced-minus-s5_full,val,5,8.22368421053,0.986842105263,16.7763157895
family,difference,cmamba_v_reproduced-minus-s5_full,val,5,6.03070175439,0,12.5
23,model,cmamba_v_reproduced,test,5,56.5789473684,50.9868421053,61.8421052632
24,model,cmamba_v_reproduced,test,5,54.9342105263,48.3552631579,60.5263157895
25,model,cmamba_v_reproduced,test,5,56.25,50,61.5131578947
family,model,cmamba_v_reproduced,test,5,55.9210526316,50,60.9649122807
23,model,s5_full,test,5,49.0131578947,43.75,54.6052631579
24,model,s5_full,test,5,50.6578947368,46.0526315789,55.9210526316
25,model,s5_full,test,5,52.6315789474,47.3684210526,57.5657894737
family,model,s5_full,test,5,50.7675438596,46.3815789474,55.4824561404
23,difference,cmamba_v_reproduced-minus-s5_full,test,5,7.56578947368,-0.657894736842,14.8026315789
24,difference,cmamba_v_reproduced-minus-s5_full,test,5,4.27631578947,-5.26315789474,11.8421052632
25,difference,cmamba_v_reproduced-minus-s5_full,test,5,3.61842105263,-4.93421052632,11.5131578947
family,difference,cmamba_v_reproduced-minus-s5_full,test,5,5.15350877193,-2.85087719298,12.0614035088
23,model,cmamba_v_reproduced,val,7,52.3026315789,46.7105263158,58.5526315789
24,model,cmamba_v_reproduced,val,7,52.3026315789,47.3684210526,58.5526315789
25,model,cmamba_v_reproduced,val,7,53.9473684211,49.3421052632,59.8684210526
family,model,cmamba_v_reproduced,val,7,52.850877193,48.5745614035,58.1140350877
23,model,s5_full,val,7,45.7236842105,40.4605263158,51.3157894737
24,model,s5_full,val,7,49.0131578947,44.4078947368,54.6052631579
25,model,s5_full,val,7,45.7236842105,40.4605263158,51.3157894737
family,model,s5_full,val,7,46.8201754386,42.5438596491,51.6447368421
23,difference,cmamba_v_reproduced-minus-s5_full,val,7,6.57894736842,-0.328947368421,13.4868421053
24,difference,cmamba_v_reproduced-minus-s5_full,val,7,3.28947368421,-4.27631578947,11.1842105263
25,difference,cmamba_v_reproduced-minus-s5_full,val,7,8.22368421053,0.986842105263,16.7763157895
family,difference,cmamba_v_reproduced-minus-s5_full,val,7,6.03070175439,0.109649122807,12.3903508772
23,model,cmamba_v_reproduced,test,7,56.5789473684,50.9868421053,61.5131578947
24,model,cmamba_v_reproduced,test,7,54.9342105263,48.3552631579,60.5263157895
25,model,cmamba_v_reproduced,test,7,56.25,50.3289473684,61.5131578947
family,model,cmamba_v_reproduced,test,7,55.9210526316,50.3289473684,60.7456140351
23,model,s5_full,test,7,49.0131578947,43.75,54.6052631579
24,model,s5_full,test,7,50.6578947368,46.3815789474,55.9210526316
25,model,s5_full,test,7,52.6315789474,47.3684210526,57.5657894737
family,model,s5_full,test,7,50.7675438596,46.4912280702,55.3728070175
23,difference,cmamba_v_reproduced-minus-s5_full,test,7,7.56578947368,0,14.4736842105
24,difference,cmamba_v_reproduced-minus-s5_full,test,7,4.27631578947,-4.93421052632,11.5131578947
25,difference,cmamba_v_reproduced-minus-s5_full,test,7,3.61842105263,-4.60526315789,11.1842105263
family,difference,cmamba_v_reproduced-minus-s5_full,test,7,5.15350877193,-2.52192982456,11.6228070175
23,model,cmamba_v_reproduced,val,14,52.3026315789,46.7105263158,58.5526315789
24,model,cmamba_v_reproduced,val,14,52.3026315789,48.0263157895,57.8947368421
25,model,cmamba_v_reproduced,val,14,53.9473684211,49.6710526316,59.2105263158
family,model,cmamba_v_reproduced,val,14,52.850877193,49.0131578947,57.6754385965
23,model,s5_full,val,14,45.7236842105,40.4605263158,50.6578947368
24,model,s5_full,val,14,49.0131578947,44.0789473684,54.2763157895
25,model,s5_full,val,14,45.7236842105,40.7894736842,51.9736842105
family,model,s5_full,val,14,46.8201754386,42.3245614035,51.5350877193
23,difference,cmamba_v_reproduced-minus-s5_full,val,14,6.57894736842,0.986842105263,13.4868421053
24,difference,cmamba_v_reproduced-minus-s5_full,val,14,3.28947368421,-3.61842105263,10.8552631579
25,difference,cmamba_v_reproduced-minus-s5_full,val,14,8.22368421053,0.328947368421,15.7894736842
family,difference,cmamba_v_reproduced-minus-s5_full,val,14,6.03070175439,0.767543859649,11.8421052632
23,model,cmamba_v_reproduced,test,14,56.5789473684,51.3157894737,61.1842105263
24,model,cmamba_v_reproduced,test,14,54.9342105263,49.0131578947,59.5394736842
25,model,cmamba_v_reproduced,test,14,56.25,50.9868421053,60.5263157895
family,model,cmamba_v_reproduced,test,14,55.9210526316,50.7675438596,60.0877192982
23,model,s5_full,test,14,49.0131578947,44.0789473684,54.6052631579
24,model,s5_full,test,14,50.6578947368,46.7105263158,55.9210526316
25,model,s5_full,test,14,52.6315789474,48.3552631579,57.2368421053
family,model,s5_full,test,14,50.7675438596,46.9298245614,55.5921052632
23,difference,cmamba_v_reproduced-minus-s5_full,test,14,7.56578947368,0.328947368421,13.1578947368
24,difference,cmamba_v_reproduced-minus-s5_full,test,14,4.27631578947,-4.60526315789,10.1973684211
25,difference,cmamba_v_reproduced-minus-s5_full,test,14,3.61842105263,-3.61842105263,9.53947368421
family,difference,cmamba_v_reproduced-minus-s5_full,test,14,5.15350877193,-1.97368421053,10.4166666667
