result_type,model,checkpoint,split,strategy,transaction_cost_pct,initial_balance,final_balance,ROI_pct,max_drawdown_pct,Sharpe,number_of_trades,win_rate_pct,risk_pct,protocol,status
official_checkpoint,CryptoMamba-v,checkpoints/cmamba_v_official.ckpt,test,buy_hold,0.0,100.0,222.5055594483463,122.50555944834632,26.182038353390304,1.8637850302983445,1,100.0,2.0,forecast-driven utils.trade strategies; explicit per-transaction cost on traded notional; chronological; decision at t uses current_close+predicted_close only; regime=trailing 30d +/-10%/10%; source_commit=fef42727861a9c3a32241283ab981ef21a49e291,OK
official_checkpoint,CryptoMamba-v,checkpoints/cmamba_v_official.ckpt,test,buy_hold,0.1,100.0,222.4055594483463,122.4055594483463,26.19170313070181,1.864188617060325,1,100.0,2.0,forecast-driven utils.trade strategies; explicit per-transaction cost on traded notional; chronological; decision at t uses current_close+predicted_close only; regime=trailing 30d +/-10%/10%; source_commit=fef42727861a9c3a32241283ab981ef21a49e291,OK
official_checkpoint,CryptoMamba-v,checkpoints/cmamba_v_official.ckpt,test,buy_hold,0.2,100.0,222.30555944834632,122.30555944834632,26.20137504591546,1.8645927030006393,1,100.0,2.0,forecast-driven utils.trade strategies; explicit per-transaction cost on traded notional; chronological; decision at t uses current_close+predicted_close only; regime=trailing 30d +/-10%/10%; source_commit=fef42727861a9c3a32241283ab981ef21a49e291,OK
official_checkpoint,CryptoMamba-v,checkpoints/cmamba_v_official.ckpt,test,vanilla,0.0,100.0,246.58462185475383,146.58462185475383,23.481155441354073,2.702190677446581,80,60.0,2.0,forecast-driven utils.trade strategies; explicit per-transaction cost on traded notional; chronological; decision at t uses current_close+predicted_close only; regime=trailing 30d +/-10%/10%; source_commit=fef42727861a9c3a32241283ab981ef21a49e291,OK
official_checkpoint,CryptoMamba-v,checkpoints/cmamba_v_official.ckpt,test,vanilla,0.1,100.0,227.7159206232982,127.71592062329819,24.562628866761223,2.4931780391817067,94,57.446808510638306,2.0,forecast-driven utils.trade strategies; explicit per-transaction cost on traded notional; chronological; decision at t uses current_close+predicted_close only; regime=trailing 30d +/-10%/10%; source_commit=fef42727861a9c3a32241283ab981ef21a49e291,OK
official_checkpoint,CryptoMamba-v,checkpoints/cmamba_v_official.ckpt,test,vanilla,0.2,100.0,210.25775520582926,110.25775520582926,25.63113319142826,2.280343190506934,94,57.446808510638306,2.0,forecast-driven utils.trade strategies; explicit per-transaction cost on traded notional; chronological; decision at t uses current_close+predicted_close only; regime=trailing 30d +/-10%/10%; source_commit=fef42727861a9c3a32241283ab981ef21a49e291,OK
official_checkpoint,CryptoMamba-v,checkpoints/cmamba_v_official.ckpt,test,smart,0.0,100.0,213.19718148365058,113.19718148365058,13.370957389182006,2.8975078327405424,342,55.55555555555556,2.0,forecast-driven utils.trade strategies; explicit per-transaction cost on traded notional; chronological; decision at t uses current_close+predicted_close only; regime=trailing 30d +/-10%/10%; source_commit=fef42727861a9c3a32241283ab981ef21a49e291,OK
official_checkpoint,CryptoMamba-v,checkpoints/cmamba_v_official.ckpt,test,smart,0.1,100.0,195.89881806068675,95.89881806068675,14.637314900285913,2.5985938033995084,342,55.55555555555556,2.0,forecast-driven utils.trade strategies; explicit per-transaction cost on traded notional; chronological; decision at t uses current_close+predicted_close only; regime=trailing 30d +/-10%/10%; source_commit=fef42727861a9c3a32241283ab981ef21a49e291,OK
official_checkpoint,CryptoMamba-v,checkpoints/cmamba_v_official.ckpt,test,smart,0.2,100.0,179.9925877126202,79.9925877126202,15.885951766668734,2.296695190327095,342,55.55555555555556,2.0,forecast-driven utils.trade strategies; explicit per-transaction cost on traded notional; chronological; decision at t uses current_close+predicted_close only; regime=trailing 30d +/-10%/10%; source_commit=fef42727861a9c3a32241283ab981ef21a49e291,OK
official_checkpoint,CryptoMamba-v,checkpoints/cmamba_v_official.ckpt,test,smart_w_short,0.0,100.0,262.77827105896057,162.77827105896057,11.091377814942497,3.6544338585443756,340,55.88235294117647,2.0,forecast-driven utils.trade strategies; explicit per-transaction cost on traded notional; chronological; decision at t uses current_close+predicted_close only; regime=trailing 30d +/-10%/10%; source_commit=fef42727861a9c3a32241283ab981ef21a49e291,OK
official_checkpoint,CryptoMamba-v,checkpoints/cmamba_v_official.ckpt,test,smart_w_short,0.1,100.0,240.1006404590942,140.1006404590942,11.743148656960313,3.34852759041711,340,55.88235294117647,2.0,forecast-driven utils.trade strategies; explicit per-transaction cost on traded notional; chronological; decision at t uses current_close+predicted_close only; regime=trailing 30d +/-10%/10%; source_commit=fef42727861a9c3a32241283ab981ef21a49e291,OK
official_checkpoint,CryptoMamba-v,checkpoints/cmamba_v_official.ckpt,test,smart_w_short,0.2,100.0,219.1625244610001,119.16252446100009,12.981418943574994,3.0334270276272988,340,55.88235294117647,2.0,forecast-driven utils.trade strategies; explicit per-transaction cost on traded notional; chronological; decision at t uses current_close+predicted_close only; regime=trailing 30d +/-10%/10%; source_commit=fef42727861a9c3a32241283ab981ef21a49e291,OK
official_checkpoint,CryptoMamba-v,checkpoints/cmamba_v_official.ckpt,val,buy_hold,0.0,100.0,136.93381174291966,36.93381174291966,25.82102789119348,0.9313824319091198,1,0.0,2.0,forecast-driven utils.trade strategies; explicit per-transaction cost on traded notional; chronological; decision at t uses current_close+predicted_close only; regime=trailing 30d +/-10%/10%; source_commit=fef42727861a9c3a32241283ab981ef21a49e291,OK
official_checkpoint,CryptoMamba-v,checkpoints/cmamba_v_official.ckpt,val,buy_hold,0.1,100.0,136.83381174291966,36.833811742919664,25.84462487596814,0.9315739502769558,1,0.0,2.0,forecast-driven utils.trade strategies; explicit per-transaction cost on traded notional; chronological; decision at t uses current_close+predicted_close only; regime=trailing 30d +/-10%/10%; source_commit=fef42727861a9c3a32241283ab981ef21a49e291,OK
official_checkpoint,CryptoMamba-v,checkpoints/cmamba_v_official.ckpt,val,buy_hold,0.2,100.0,136.73381174291967,36.73381174291967,25.868265029203453,0.9317657797348651,1,0.0,2.0,forecast-driven utils.trade strategies; explicit per-transaction cost on traded notional; chronological; decision at t uses current_close+predicted_close only; regime=trailing 30d +/-10%/10%; source_commit=fef42727861a9c3a32241283ab981ef21a49e291,OK
official_checkpoint,CryptoMamba-v,checkpoints/cmamba_v_official.ckpt,val,vanilla,0.0,100.0,124.90359583768965,24.90359583768965,25.381703715525116,0.798249725492916,43,46.51162790697674,2.0,forecast-driven utils.trade strategies; explicit per-transaction cost on traded notional; chronological; decision at t uses current_close+predicted_close only; regime=trailing 30d +/-10%/10%; source_commit=fef42727861a9c3a32241283ab981ef21a49e291,OK
official_checkpoint,CryptoMamba-v,checkpoints/cmamba_v_official.ckpt,val,vanilla,0.1,100.0,119.65589801520451,19.655898015204514,25.38171376088717,0.6838681383274083,66,45.45454545454545,2.0,forecast-driven utils.trade strategies; explicit per-transaction cost on traded notional; chronological; decision at t uses current_close+predicted_close only; regime=trailing 30d +/-10%/10%; source_commit=fef42727861a9c3a32241283ab981ef21a49e291,OK
official_checkpoint,CryptoMamba-v,checkpoints/cmamba_v_official.ckpt,val,vanilla,0.2,100.0,114.61896440592295,14.618964405922952,25.381744297512228,0.5680081382526168,66,45.45454545454545,2.0,forecast-driven utils.trade strategies; explicit per-transaction cost on traded notional; chronological; decision at t uses current_close+predicted_close only; regime=trailing 30d +/-10%/10%; source_commit=fef42727861a9c3a32241283ab981ef21a49e291,OK
official_checkpoint,CryptoMamba-v,checkpoints/cmamba_v_official.ckpt,val,smart,0.0,100.0,127.11975764084897,27.119757640848974,23.400444366181596,0.9005773431708282,347,46.97406340057637,2.0,forecast-driven utils.trade strategies; explicit per-transaction cost on traded notional; chronological; decision at t uses current_close+predicted_close only; regime=trailing 30d +/-10%/10%; source_commit=fef42727861a9c3a32241283ab981ef21a49e291,OK
official_checkpoint,CryptoMamba-v,checkpoints/cmamba_v_official.ckpt,val,smart,0.1,100.0,119.51406606245172,19.514066062451718,23.436868420296715,0.7161459483921968,349,46.70487106017192,2.0,forecast-driven utils.trade strategies; explicit per-transaction cost on traded notional; chronological; decision at t uses current_close+predicted_close only; regime=trailing 30d +/-10%/10%; source_commit=fef42727861a9c3a32241283ab981ef21a49e291,OK
official_checkpoint,CryptoMamba-v,checkpoints/cmamba_v_official.ckpt,val,smart,0.2,100.0,112.36208438556781,12.362084385567812,23.473165489426144,0.5304572572886301,349,46.70487106017192,2.0,forecast-driven utils.trade strategies; explicit per-transaction cost on traded notional; chronological; decision at t uses current_close+predicted_close only; regime=trailing 30d +/-10%/10%; source_commit=fef42727861a9c3a32241283ab981ef21a49e291,OK
official_checkpoint,CryptoMamba-v,checkpoints/cmamba_v_official.ckpt,val,smart_w_short,0.0,100.0,127.46629276697853,27.46629276697853,23.400444366181596,0.9052370199153991,346,46.82080924855491,2.0,forecast-driven utils.trade strategies; explicit per-transaction cost on traded notional; chronological; decision at t uses current_close+predicted_close only; regime=trailing 30d +/-10%/10%; source_commit=fef42727861a9c3a32241283ab981ef21a49e291,OK
official_checkpoint,CryptoMamba-v,checkpoints/cmamba_v_official.ckpt,val,smart_w_short,0.1,100.0,119.27788654244995,19.27788654244995,23.436868420296715,0.7079891709834363,348,46.55172413793103,2.0,forecast-driven utils.trade strategies; explicit per-transaction cost on traded notional; chronological; decision at t uses current_close+predicted_close only; regime=trailing 30d +/-10%/10%; source_commit=fef42727861a9c3a32241283ab981ef21a49e291,OK
official_checkpoint,CryptoMamba-v,checkpoints/cmamba_v_official.ckpt,val,smart_w_short,0.2,100.0,111.58365166165581,11.583651661655807,23.473165489426144,0.5083208141704574,348,46.55172413793103,2.0,forecast-driven utils.trade strategies; explicit per-transaction cost on traded notional; chronological; decision at t uses current_close+predicted_close only; regime=trailing 30d +/-10%/10%; source_commit=fef42727861a9c3a32241283ab981ef21a49e291,OK
retrained_checkpoint,CryptoMamba-v,checkpoints/cmamba_v_retrained_best.ckpt,test,buy_hold,0.0,100.0,222.5055594483463,122.50555944834632,26.182038353390304,1.8637850302983445,1,100.0,2.0,forecast-driven utils.trade strategies; explicit per-transaction cost on traded notional; chronological; decision at t uses current_close+predicted_close only; regime=trailing 30d +/-10%/10%; source_commit=fef42727861a9c3a32241283ab981ef21a49e291,OK
retrained_checkpoint,CryptoMamba-v,checkpoints/cmamba_v_retrained_best.ckpt,test,buy_hold,0.1,100.0,222.4055594483463,122.4055594483463,26.19170313070181,1.864188617060325,1,100.0,2.0,forecast-driven utils.trade strategies; explicit per-transaction cost on traded notional; chronological; decision at t uses current_close+predicted_close only; regime=trailing 30d +/-10%/10%; source_commit=fef42727861a9c3a32241283ab981ef21a49e291,OK
retrained_checkpoint,CryptoMamba-v,checkpoints/cmamba_v_retrained_best.ckpt,test,buy_hold,0.2,100.0,222.30555944834632,122.30555944834632,26.20137504591546,1.8645927030006393,1,100.0,2.0,forecast-driven utils.trade strategies; explicit per-transaction cost on traded notional; chronological; decision at t uses current_close+predicted_close only; regime=trailing 30d +/-10%/10%; source_commit=fef42727861a9c3a32241283ab981ef21a49e291,OK
retrained_checkpoint,CryptoMamba-v,checkpoints/cmamba_v_retrained_best.ckpt,test,vanilla,0.0,100.0,174.93686942258321,74.93686942258321,23.939578321419813,2.0766929357518196,48,58.333333333333336,2.0,forecast-driven utils.trade strategies; explicit per-transaction cost on traded notional; chronological; decision at t uses current_close+predicted_close only; regime=trailing 30d +/-10%/10%; source_commit=fef42727861a9c3a32241283ab981ef21a49e291,OK
retrained_checkpoint,CryptoMamba-v,checkpoints/cmamba_v_retrained_best.ckpt,test,vanilla,0.1,100.0,166.80900701427018,66.80900701427018,25.095013450513676,1.921369441421296,52,59.61538461538461,2.0,forecast-driven utils.trade strategies; explicit per-transaction cost on traded notional; chronological; decision at t uses current_close+predicted_close only; regime=trailing 30d +/-10%/10%; source_commit=fef42727861a9c3a32241283ab981ef21a49e291,OK
retrained_checkpoint,CryptoMamba-v,checkpoints/cmamba_v_retrained_best.ckpt,test,vanilla,0.2,100.0,159.04370664974934,59.04370664974934,26.23513385669552,1.7634209185001037,52,59.61538461538461,2.0,forecast-driven utils.trade strategies; explicit per-transaction cost on traded notional; chronological; decision at t uses current_close+predicted_close only; regime=trailing 30d +/-10%/10%; source_commit=fef42727861a9c3a32241283ab981ef21a49e291,OK
retrained_checkpoint,CryptoMamba-v,checkpoints/cmamba_v_retrained_best.ckpt,test,smart,0.0,100.0,165.25124558579944,65.25124558579944,10.200339391032589,2.460419828825862,343,56.85131195335277,2.0,forecast-driven utils.trade strategies; explicit per-transaction cost on traded notional; chronological; decision at t uses current_close+predicted_close only; regime=trailing 30d +/-10%/10%; source_commit=fef42727861a9c3a32241283ab981ef21a49e291,OK
retrained_checkpoint,CryptoMamba-v,checkpoints/cmamba_v_retrained_best.ckpt,test,smart,0.1,100.0,153.69179147300017,53.69179147300016,11.500613997101382,2.1279370299639306,343,56.85131195335277,2.0,forecast-driven utils.trade strategies; explicit per-transaction cost on traded notional; chronological; decision at t uses current_close+predicted_close only; regime=trailing 30d +/-10%/10%; source_commit=fef42727861a9c3a32241283ab981ef21a49e291,OK
retrained_checkpoint,CryptoMamba-v,checkpoints/cmamba_v_retrained_best.ckpt,test,smart,0.2,100.0,142.93215708118205,42.932157081182055,13.27933124585151,1.7923774907409609,343,56.85131195335277,2.0,forecast-driven utils.trade strategies; explicit per-transaction cost on traded notional; chronological; decision at t uses current_close+predicted_close only; regime=trailing 30d +/-10%/10%; source_commit=fef42727861a9c3a32241283ab981ef21a49e291,OK
retrained_checkpoint,CryptoMamba-v,checkpoints/cmamba_v_retrained_best.ckpt,test,smart_w_short,0.0,100.0,204.2604969420284,104.2604969420284,11.740435242936025,3.068044095978715,333,56.45645645645646,2.0,forecast-driven utils.trade strategies; explicit per-transaction cost on traded notional; chronological; decision at t uses current_close+predicted_close only; regime=trailing 30d +/-10%/10%; source_commit=fef42727861a9c3a32241283ab981ef21a49e291,OK
retrained_checkpoint,CryptoMamba-v,checkpoints/cmamba_v_retrained_best.ckpt,test,smart_w_short,0.1,100.0,188.43438566486827,88.43438566486827,12.303401284690185,2.738053101782608,333,56.45645645645646,2.0,forecast-driven utils.trade strategies; explicit per-transaction cost on traded notional; chronological; decision at t uses current_close+predicted_close only; regime=trailing 30d +/-10%/10%; source_commit=fef42727861a9c3a32241283ab981ef21a49e291,OK
retrained_checkpoint,CryptoMamba-v,checkpoints/cmamba_v_retrained_best.ckpt,test,smart_w_short,0.2,100.0,173.63815062140196,73.63815062140196,13.30518418846699,2.4000266449682264,333,56.45645645645646,2.0,forecast-driven utils.trade strategies; explicit per-transaction cost on traded notional; chronological; decision at t uses current_close+predicted_close only; regime=trailing 30d +/-10%/10%; source_commit=fef42727861a9c3a32241283ab981ef21a49e291,OK
retrained_checkpoint,CryptoMamba-v,checkpoints/cmamba_v_retrained_best.ckpt,val,buy_hold,0.0,100.0,136.93381174291966,36.93381174291966,25.82102789119348,0.9313824319091198,1,0.0,2.0,forecast-driven utils.trade strategies; explicit per-transaction cost on traded notional; chronological; decision at t uses current_close+predicted_close only; regime=trailing 30d +/-10%/10%; source_commit=fef42727861a9c3a32241283ab981ef21a49e291,OK
retrained_checkpoint,CryptoMamba-v,checkpoints/cmamba_v_retrained_best.ckpt,val,buy_hold,0.1,100.0,136.83381174291966,36.833811742919664,25.84462487596814,0.9315739502769558,1,0.0,2.0,forecast-driven utils.trade strategies; explicit per-transaction cost on traded notional; chronological; decision at t uses current_close+predicted_close only; regime=trailing 30d +/-10%/10%; source_commit=fef42727861a9c3a32241283ab981ef21a49e291,OK
retrained_checkpoint,CryptoMamba-v,checkpoints/cmamba_v_retrained_best.ckpt,val,buy_hold,0.2,100.0,136.73381174291967,36.73381174291967,25.868265029203453,0.9317657797348651,1,0.0,2.0,forecast-driven utils.trade strategies; explicit per-transaction cost on traded notional; chronological; decision at t uses current_close+predicted_close only; regime=trailing 30d +/-10%/10%; source_commit=fef42727861a9c3a32241283ab981ef21a49e291,OK
retrained_checkpoint,CryptoMamba-v,checkpoints/cmamba_v_retrained_best.ckpt,val,vanilla,0.0,100.0,101.0494077376742,1.0494077376742013,23.023525974932127,0.1984404505031755,41,51.21951219512195,2.0,forecast-driven utils.trade strategies; explicit per-transaction cost on traded notional; chronological; decision at t uses current_close+predicted_close only; regime=trailing 30d +/-10%/10%; source_commit=fef42727861a9c3a32241283ab981ef21a49e291,OK
retrained_checkpoint,CryptoMamba-v,checkpoints/cmamba_v_retrained_best.ckpt,val,vanilla,0.1,100.0,96.96189431154326,-3.0381056884567386,23.483598840834446,0.07552532278143173,56,44.642857142857146,2.0,forecast-driven utils.trade strategies; explicit per-transaction cost on traded notional; chronological; decision at t uses current_close+predicted_close only; regime=trailing 30d +/-10%/10%; source_commit=fef42727861a9c3a32241283ab981ef21a49e291,OK
retrained_checkpoint,CryptoMamba-v,checkpoints/cmamba_v_retrained_best.ckpt,val,vanilla,0.2,100.0,93.03214212242558,-6.967857877574417,23.94168569152243,-0.04887122727911889,56,44.642857142857146,2.0,forecast-driven utils.trade strategies; explicit per-transaction cost on traded notional; chronological; decision at t uses current_close+predicted_close only; regime=trailing 30d +/-10%/10%; source_commit=fef42727861a9c3a32241283ab981ef21a49e291,OK
retrained_checkpoint,CryptoMamba-v,checkpoints/cmamba_v_retrained_best.ckpt,val,smart,0.0,100.0,131.42309463889336,31.42309463889336,20.949201628279518,1.0747152882463311,347,51.5850144092219,2.0,forecast-driven utils.trade strategies; explicit per-transaction cost on traded notional; chronological; decision at t uses current_close+predicted_close only; regime=trailing 30d +/-10%/10%; source_commit=fef42727861a9c3a32241283ab981ef21a49e291,OK
retrained_checkpoint,CryptoMamba-v,checkpoints/cmamba_v_retrained_best.ckpt,val,smart,0.1,100.0,123.54258784514512,23.54258784514512,21.006640364889638,0.8706222862108671,349,51.28939828080229,2.0,forecast-driven utils.trade strategies; explicit per-transaction cost on traded notional; chronological; decision at t uses current_close+predicted_close only; regime=trailing 30d +/-10%/10%; source_commit=fef42727861a9c3a32241283ab981ef21a49e291,OK
retrained_checkpoint,CryptoMamba-v,checkpoints/cmamba_v_retrained_best.ckpt,val,smart,0.2,100.0,116.13157344485256,16.131573444852563,21.063928473390856,0.6649703912641282,349,51.28939828080229,2.0,forecast-driven utils.trade strategies; explicit per-transaction cost on traded notional; chronological; decision at t uses current_close+predicted_close only; regime=trailing 30d +/-10%/10%; source_commit=fef42727861a9c3a32241283ab981ef21a49e291,OK
retrained_checkpoint,CryptoMamba-v,checkpoints/cmamba_v_retrained_best.ckpt,val,smart_w_short,0.0,100.0,132.24789537541284,32.24789537541284,20.949201628279518,1.0902195379323774,346,51.445086705202314,2.0,forecast-driven utils.trade strategies; explicit per-transaction cost on traded notional; chronological; decision at t uses current_close+predicted_close only; regime=trailing 30d +/-10%/10%; source_commit=fef42727861a9c3a32241283ab981ef21a49e291,OK
retrained_checkpoint,CryptoMamba-v,checkpoints/cmamba_v_retrained_best.ckpt,val,smart_w_short,0.1,100.0,123.75579761769701,23.755797617697013,21.006640364889638,0.8727476736464629,348,51.14942528735632,2.0,forecast-driven utils.trade strategies; explicit per-transaction cost on traded notional; chronological; decision at t uses current_close+predicted_close only; regime=trailing 30d +/-10%/10%; source_commit=fef42727861a9c3a32241283ab981ef21a49e291,OK
retrained_checkpoint,CryptoMamba-v,checkpoints/cmamba_v_retrained_best.ckpt,val,smart_w_short,0.2,100.0,115.775974241048,15.775974241048004,21.063928473390856,0.6524982173461001,348,51.14942528735632,2.0,forecast-driven utils.trade strategies; explicit per-transaction cost on traded notional; chronological; decision at t uses current_close+predicted_close only; regime=trailing 30d +/-10%/10%; source_commit=fef42727861a9c3a32241283ab981ef21a49e291,OK
