member,model_id,display_name,split,samples,date_from,date_to,MSE,RMSE,MAE,MAPE_pct,directional_accuracy_pct,directional_coverage_pct,predicted_up_pct,parameter_count,checkpoint_sha256,row_kind
23,cmamba_v_reproduced,CryptoMamba-v,val,304,2022-11-16,2023-09-15,346930.420503,589.007996977,399.213314659,1.62073870488,52.3026315789,100,66.7763157895,136952,afb28215d656ea54421efb00e3c60ec9d8a818fff186c194be9a98b55dcecdf0,member
23,s5_full,CryptoMamba-T,val,304,2022-11-16,2023-09-15,315058.718863,561.3009165,383.124691612,1.5399989474,45.7236842105,100,62.1710526316,57249,a2f8b0f39411e199e73ee22a8ae3055d3fc4218fa9d670b31af93d2e190df291,member
23,naive_persistence,Naive persistence,val,304,2022-11-16,2023-09-15,307959.627712,554.941102922,368.475534539,1.47975203917,,0,0,0,,member
23,cmamba_v_reproduced,CryptoMamba-v,test,304,2023-11-16,2024-09-14,2872538.79569,1694.85657083,1221.23883378,2.11789147576,56.5789473684,100,47.6973684211,136952,afb28215d656ea54421efb00e3c60ec9d8a818fff186c194be9a98b55dcecdf0,member
23,s5_full,CryptoMamba-T,test,304,2023-11-16,2024-09-14,2809251.71898,1676.08225305,1194.56067537,2.06425277099,49.0131578947,100,60.5263157895,57249,a2f8b0f39411e199e73ee22a8ae3055d3fc4218fa9d670b31af93d2e190df291,member
23,naive_persistence,Naive persistence,test,304,2023-11-16,2024-09-14,2747457.2996,1657.54556487,1185.06402909,2.04912520216,,0,0,0,,member
24,cmamba_v_reproduced,CryptoMamba-v,val,304,2022-11-16,2023-09-15,361999.757609,601.664156826,405.203038266,1.64407845571,52.4752475248,99.6710526316,35.1973684211,136952,0d935639fd29999aa75a8d15e75498dce466cd19512768550f4bd5e4bec9d028,member
24,s5_full,CryptoMamba-T,val,304,2022-11-16,2023-09-15,307930.359398,554.914731646,370.178887618,1.48615245414,49.0131578947,100,56.25,57249,c59da0d8f429fd92cade55954ae118d5806ec95c9b7b6bd2c6423a6236720150,member
24,naive_persistence,Naive persistence,val,304,2022-11-16,2023-09-15,307959.627712,554.941102922,368.475534539,1.47975203917,,0,0,0,,member
24,cmamba_v_reproduced,CryptoMamba-v,test,304,2023-11-16,2024-09-14,2896561.57719,1701.92878147,1227.07286955,2.12905328266,54.9342105263,100,37.5,136952,0d935639fd29999aa75a8d15e75498dce466cd19512768550f4bd5e4bec9d028,member
24,s5_full,CryptoMamba-T,test,304,2023-11-16,2024-09-14,2751334.02573,1658.7145703,1185.84193822,2.05005099578,50.6578947368,100,68.75,57249,c59da0d8f429fd92cade55954ae118d5806ec95c9b7b6bd2c6423a6236720150,member
24,naive_persistence,Naive persistence,test,304,2023-11-16,2024-09-14,2747457.2996,1657.54556487,1185.06402909,2.04912520216,,0,0,0,,member
25,cmamba_v_reproduced,CryptoMamba-v,val,304,2022-11-16,2023-09-15,349007.6993,590.768735886,394.326878598,1.59901154174,53.9473684211,100,41.4473684211,136952,024fbd4e148de6bc23744422a4069b564e54442313bc33a79ff1f6ec0e57ea42,member
25,s5_full,CryptoMamba-T,val,304,2022-11-16,2023-09-15,310439.933396,557.171368069,381.783203125,1.53285484016,45.8745874587,99.6710526316,84.8684210526,57249,bf997dc9a1c613a7be2072fd51fb85e92cd66009202cff34a219f33b9e029d0f,member
25,naive_persistence,Naive persistence,val,304,2022-11-16,2023-09-15,307959.627712,554.941102922,368.475534539,1.47975203917,,0,0,0,,member
25,cmamba_v_reproduced,CryptoMamba-v,test,304,2023-11-16,2024-09-14,2892499.34488,1700.73494257,1221.40979646,2.11530436161,56.25,100,42.7631578947,136952,024fbd4e148de6bc23744422a4069b564e54442313bc33a79ff1f6ec0e57ea42,member
25,s5_full,CryptoMamba-T,test,304,2023-11-16,2024-09-14,2753233.49313,1659.28704362,1183.25285259,2.04663554694,52.6315789474,100,80.5921052632,57249,bf997dc9a1c613a7be2072fd51fb85e92cd66009202cff34a219f33b9e029d0f,member
25,naive_persistence,Naive persistence,test,304,2023-11-16,2024-09-14,2747457.2996,1657.54556487,1185.06402909,2.04912520216,,0,0,0,,member
family,cmamba_v_reproduced,,val,,,,352645.959138,593.813629896,399.581077174,1.62127623411,52.9084158416,99.8903508772,47.8070175439,,,family_mean
family,s5_full,,val,,,,311143.003886,557.795672072,378.362260785,1.51966874723,46.8704765213,99.8903508772,67.7631578947,,,family_mean
family,cmamba_v_reproduced,,test,,,,2887199.90592,1699.17343162,1223.24049993,2.12074970668,55.9210526316,100,42.6535087719,,,family_mean
family,s5_full,,test,,,,2771273.07928,1664.69462232,1187.88515539,2.0536464379,50.7675438596,100,69.9561403509,,,family_mean
family,cmamba_v_reproduced,,val,,,,346930.420503,589.007996977,394.326878598,1.59901154174,52.3026315789,99.6710526316,35.1973684211,,,family_min
family,s5_full,,val,,,,307930.359398,554.914731646,370.178887618,1.48615245414,45.7236842105,99.6710526316,56.25,,,family_min
family,cmamba_v_reproduced,,test,,,,2872538.79569,1694.85657083,1221.23883378,2.11530436161,54.9342105263,100,37.5,,,family_min
family,s5_full,,test,,,,2751334.02573,1658.7145703,1183.25285259,2.04663554694,49.0131578947,100,60.5263157895,,,family_min
family,cmamba_v_reproduced,,val,,,,361999.757609,601.664156826,405.203038266,1.64407845571,53.9473684211,100,66.7763157895,,,family_max
family,s5_full,,val,,,,315058.718863,561.3009165,383.124691612,1.5399989474,49.0131578947,100,84.8684210526,,,family_max
family,cmamba_v_reproduced,,test,,,,2896561.57719,1701.92878147,1227.07286955,2.12905328266,56.5789473684,100,47.6973684211,,,family_max
family,s5_full,,test,,,,2809251.71898,1676.08225305,1194.56067537,2.06425277099,52.6315789474,100,80.5921052632,,,family_max
