member,split,trade_mode,initial_balance,risk_pct,final_balance,max_drawdown_pct,samples
official,val,vanilla,100,2,124.903585327,25.3817069177,350
official,val,smart,100,2,127.119774854,23.4004489377,350
official,val,smart_w_short,100,2,127.466329817,23.4004489377,350
official,test,vanilla,100,2,246.584596628,23.4811589132,350
official,test,smart,100,2,213.197289059,13.3709889511,350
official,test,smart_w_short,100,2,262.778329753,11.0913890364,350
23,val,vanilla,100,2,148.342179323,25.3817069177,350
23,val,smart,100,2,130.246048709,24.1300377514,350
23,val,smart_w_short,100,2,128.49703996,24.1300377514,350
23,test,vanilla,100,2,213.673975689,29.8991995704,350
23,test,smart,100,2,229.412014892,14.8118529256,350
23,test,smart_w_short,100,2,279.894982139,12.362812084,350
24,val,vanilla,100,2,120.922897144,14.8759411265,350
24,val,smart,100,2,118.943113977,15.600031961,350
24,val,smart_w_short,100,2,118.091641933,15.6000318449,350
24,test,vanilla,100,2,153.507663346,18.4383923092,350
24,test,smart,100,2,148.581774958,9.84978041279,350
24,test,smart_w_short,100,2,188.747579852,14.3974692189,350
25,val,vanilla,100,2,102.637141718,19.2871070011,350
25,val,smart,100,2,118.847221078,17.5417320139,350
25,val,smart_w_short,100,2,119.814666369,17.5417320139,350
25,test,vanilla,100,2,144.423477548,15.345533766,350
25,test,smart,100,2,162.201832302,11.0261525499,350
25,test,smart_w_short,100,2,192.564872565,13.6392314805,350
